order_id,customer_id,product_id,quantity,unit_price,total_price,order_date,shipping_address,payment_method,status,employee_id
1,388,406,3,186.97,560.91,12/2/2024,15th Floor,Credit Card,Shipped,181
2,893,977,5,449.24,2246.2,10/7/2024,Suite 86,Credit Card,Delivered,141
3,462,385,2,139.36,278.72,7/3/2025,13th Floor,PayPal,Shipped,79
4,268,159,3,252.16,756.48,10/17/2024,PO Box 11741,PayPal,Shipped,13
5,587,103,4,46.28,185.12,8/30/2025,Apt 964,PayPal,Delivered,168
6,93,276,4,230.89,923.56,5/3/2025,Room 669,Credit Card,Shipped,66
7,985,752,3,288.56,865.68,5/15/2025,PO Box 34243,Credit Card,Delivered,131
8,812,927,5,449.96,2249.8,12/23/2024,2nd Floor,PayPal,Processing,76
9,552,452,2,283.97,567.94,4/11/2025,Suite 63,PayPal,Delivered,84
10,677,633,1,92.29,92.29,7/10/2025,6th Floor,Credit Card,Delivered,9
11,922,753,1,149.67,149.67,9/18/2025,PO Box 15048,Credit Card,Delivered,35
12,508,212,1,359.66,359.66,7/12/2025,PO Box 14178,PayPal,Shipped,137
13,6,199,4,140.02,560.08,4/28/2025,Apt 1549,Credit Card,Delivered,50
14,211,352,1,274.98,274.98,7/30/2025,Suite 74,Credit Card,Delivered,8
15,178,533,2,239.21,478.42,3/24/2025,8th Floor,PayPal,Delivered,9
16,121,577,2,43.61,87.22,9/2/2025,Apt 970,PayPal,Processing,93
17,542,942,5,453.05,2265.25,12/31/2024,Apt 1266,Credit Card,Delivered,35
18,11,846,5,405.35,2026.75,1/8/2025,Suite 77,Credit Card,Shipped,80
19,789,694,2,352.77,705.54,9/1/2025,PO Box 65624,PayPal,Delivered,108
20,467,692,3,247.61,742.83,9/15/2025,PO Box 28816,Credit Card,Delivered,163
21,821,573,3,105.04,315.12,2/21/2025,PO Box 35221,PayPal,Shipped,48
22,984,847,5,45.0,225.0,5/29/2025,PO Box 47469,Credit Card,Delivered,139
23,593,239,3,343.79,1031.37,12/14/2024,16th Floor,PayPal,Delivered,161
24,11,705,4,454.4,1817.6,7/23/2025,Suite 15,PayPal,Processing,11
25,35,884,2,18.26,36.52,12/8/2024,Suite 11,PayPal,Processing,93
26,202,594,1,158.95,158.95,4/3/2025,Room 193,Credit Card,Delivered,84
27,163,772,1,350.35,350.35,1/28/2025,Room 436,PayPal,Shipped,114
28,127,494,4,288.58,1154.32,6/23/2025,17th Floor,PayPal,Shipped,175
29,748,444,3,269.26,807.78,2/2/2025,Room 626,Credit Card,Delivered,95
30,656,236,4,111.89,447.56,11/30/2024,5th Floor,Credit Card,Delivered,131
31,213,269,2,100.65,201.3,10/18/2024,Room 1037,Credit Card,Processing,39
32,441,1000,1,309.63,309.63,11/17/2024,Room 1772,PayPal,Shipped,149
33,465,675,2,332.1,664.2,2/21/2025,PO Box 73850,PayPal,Delivered,179
34,729,998,2,53.72,107.44,12/17/2024,PO Box 47591,PayPal,Delivered,81
35,444,569,4,278.7,1114.8,12/29/2024,Apt 1644,Credit Card,Delivered,123
36,868,507,1,201.6,201.6,4/30/2025,Suite 12,PayPal,Shipped,155
37,523,952,5,387.79,1938.95,8/6/2025,Suite 45,PayPal,Delivered,72
38,733,399,4,422.71,1690.84,1/17/2025,PO Box 47909,Credit Card,Processing,21
39,64,520,3,225.68,677.04,4/9/2025,PO Box 26066,Credit Card,Processing,58
40,245,762,3,238.46,715.38,2/14/2025,5th Floor,Credit Card,Processing,24
41,938,880,1,368.87,368.87,5/18/2025,Suite 9,PayPal,Shipped,121
42,558,708,3,55.16,165.48,4/28/2025,Room 1225,Credit Card,Shipped,88
43,889,160,2,49.87,99.74,12/25/2024,18th Floor,PayPal,Shipped,85
44,270,988,1,30.96,30.96,10/27/2024,3rd Floor,PayPal,Delivered,124
45,472,930,3,232.92,698.76,5/8/2025,Apt 1802,Credit Card,Shipped,198
46,226,430,1,425.74,425.74,7/20/2025,PO Box 7489,PayPal,Delivered,143
47,203,666,4,392.12,1568.48,10/28/2024,Apt 1872,Credit Card,Shipped,100
48,226,650,1,405.33,405.33,8/10/2025,Room 159,Credit Card,Shipped,136
49,181,580,3,481.74,1445.22,4/13/2025,Apt 276,Credit Card,Processing,192
50,334,557,3,290.1,870.3,1/17/2025,Room 508,PayPal,Processing,173
51,824,497,1,164.33,164.33,2/25/2025,Suite 89,PayPal,Delivered,77
52,589,362,5,462.56,2312.8,8/20/2025,Room 512,Credit Card,Processing,63
53,424,918,5,462.96,2314.8,10/12/2024,Apt 1444,Credit Card,Processing,39
54,275,287,1,15.6,15.6,12/28/2024,18th Floor,PayPal,Shipped,56
55,437,629,3,13.31,39.93,8/1/2025,Suite 38,PayPal,Processing,74
56,965,780,2,240.49,480.98,5/16/2025,9th Floor,PayPal,Processing,13
57,992,333,2,104.88,209.76,6/15/2025,Suite 3,Credit Card,Processing,91
58,870,666,5,96.15,480.75,9/3/2025,1st Floor,Credit Card,Delivered,166
59,639,503,2,54.1,108.2,12/22/2024,Suite 44,Credit Card,Delivered,7
60,582,898,1,46.36,46.36,1/4/2025,11th Floor,PayPal,Processing,152
61,725,261,5,460.65,2303.25,4/14/2025,PO Box 99350,Credit Card,Shipped,50
62,611,450,4,167.42,669.68,10/27/2024,PO Box 1757,Credit Card,Shipped,17
63,182,800,5,121.64,608.2,11/14/2024,PO Box 63287,Credit Card,Shipped,19
64,841,314,1,81.0,81.0,1/13/2025,Suite 56,PayPal,Delivered,101
65,334,915,2,62.61,125.22,9/27/2024,Suite 69,PayPal,Delivered,138
66,871,319,5,228.7,1143.5,5/19/2025,PO Box 28346,PayPal,Delivered,165
67,730,440,2,136.46,272.92,11/24/2024,Apt 363,Credit Card,Delivered,163
68,377,897,4,55.99,223.96,8/15/2025,Room 507,PayPal,Shipped,197
69,304,957,4,107.96,431.84,4/24/2025,Suite 37,Credit Card,Delivered,41
70,783,447,2,120.44,240.88,1/5/2025,PO Box 5768,PayPal,Processing,56
71,123,346,1,15.82,15.82,10/16/2024,PO Box 60300,PayPal,Processing,173
72,836,319,5,13.37,66.85,9/10/2025,Apt 1994,PayPal,Processing,12
73,795,577,4,401.57,1606.28,3/10/2025,Suite 95,PayPal,Shipped,109
74,920,691,4,107.11,428.44,1/1/2025,Room 459,PayPal,Processing,70
75,217,963,3,138.79,416.37,4/24/2025,Suite 59,Credit Card,Processing,48
76,786,975,2,202.39,404.78,8/30/2025,2nd Floor,PayPal,Delivered,44
77,106,285,3,250.48,751.44,10/6/2024,Apt 905,Credit Card,Processing,126
78,901,264,3,292.23,876.69,5/19/2025,PO Box 86065,PayPal,Delivered,4
79,720,982,3,398.39,1195.17,11/19/2024,8th Floor,Credit Card,Delivered,49
80,671,746,1,290.99,290.99,12/7/2024,Apt 481,PayPal,Processing,171
81,691,113,2,349.93,699.86,5/16/2025,Apt 1935,PayPal,Processing,56
82,472,316,5,34.11,170.55,9/10/2025,14th Floor,PayPal,Shipped,106
83,382,139,3,488.6,1465.8,5/13/2025,Suite 1,Credit Card,Processing,184
84,275,468,1,318.38,318.38,12/9/2024,Apt 1953,PayPal,Delivered,126
85,568,587,3,280.21,840.63,3/18/2025,PO Box 1076,Credit Card,Shipped,47
86,793,332,3,298.35,895.05,6/20/2025,20th Floor,PayPal,Delivered,168
87,136,640,5,157.77,788.85,1/8/2025,Suite 45,Credit Card,Shipped,170
88,818,518,3,430.39,1291.17,4/15/2025,PO Box 18393,PayPal,Delivered,17
89,464,624,1,122.2,122.2,10/26/2024,7th Floor,PayPal,Delivered,14
90,229,958,4,22.48,89.92,10/17/2024,1st Floor,PayPal,Processing,110
91,248,564,3,361.56,1084.68,10/14/2024,Room 1753,Credit Card,Shipped,158
92,411,675,5,207.45,1037.25,10/27/2024,Room 1599,PayPal,Shipped,114
93,132,772,1,66.62,66.62,10/15/2024,PO Box 36665,Credit Card,Shipped,81
94,452,141,1,281.07,281.07,5/16/2025,Room 1934,PayPal,Shipped,118
95,751,590,4,296.02,1184.08,5/3/2025,Room 1852,Credit Card,Processing,137
96,281,189,4,403.23,1612.92,1/24/2025,14th Floor,Credit Card,Delivered,129
97,348,748,1,118.55,118.55,11/21/2024,PO Box 7838,PayPal,Delivered,18
98,254,643,5,240.41,1202.05,4/8/2025,Apt 796,PayPal,Delivered,56
99,344,249,4,105.07,420.28,4/15/2025,Room 975,Credit Card,Shipped,45
100,397,186,3,322.73,968.19,4/19/2025,Apt 513,Credit Card,Shipped,75
101,41,819,4,467.54,1870.16,11/13/2024,PO Box 48983,Credit Card,Processing,60
102,974,380,4,270.88,1083.52,1/1/2025,PO Box 53819,Credit Card,Shipped,102
103,779,147,5,203.1,1015.5,10/1/2024,Apt 1590,PayPal,Delivered,84
104,356,621,5,481.99,2409.95,1/27/2025,Apt 938,PayPal,Delivered,76
105,180,386,4,103.39,413.56,6/5/2025,Room 103,Credit Card,Shipped,47
106,357,387,3,408.01,1224.03,3/1/2025,Suite 12,PayPal,Shipped,54
107,198,190,5,272.28,1361.4,3/30/2025,Suite 38,Credit Card,Delivered,87
108,207,166,3,101.62,304.86,11/27/2024,17th Floor,PayPal,Shipped,66
109,52,120,3,414.4,1243.2,4/8/2025,4th Floor,PayPal,Shipped,23
110,122,372,4,58.81,235.24,6/24/2025,Suite 55,Credit Card,Delivered,164
111,456,766,2,405.81,811.62,9/7/2025,17th Floor,PayPal,Shipped,113
112,561,121,5,88.24,441.2,7/17/2025,Room 1097,Credit Card,Shipped,195
113,815,165,5,246.63,1233.15,5/18/2025,Suite 26,PayPal,Processing,87
114,153,525,2,492.74,985.48,12/18/2024,Room 1218,Credit Card,Processing,188
115,336,505,1,361.29,361.29,12/24/2024,14th Floor,Credit Card,Delivered,33
116,574,392,2,390.19,780.38,4/4/2025,Room 32,PayPal,Processing,40
117,181,775,4,93.33,373.32,2/23/2025,Suite 64,PayPal,Shipped,177
118,566,262,2,329.21,658.42,6/20/2025,Suite 84,Credit Card,Processing,29
119,186,196,4,370.48,1481.92,9/25/2024,17th Floor,Credit Card,Delivered,137
120,73,987,2,490.08,980.16,6/20/2025,3rd Floor,Credit Card,Processing,194
121,353,775,5,56.53,282.65,7/19/2025,10th Floor,PayPal,Shipped,32
122,890,737,3,309.71,929.13,3/12/2025,PO Box 96435,PayPal,Delivered,26
123,790,276,3,310.43,931.29,2/18/2025,Apt 1371,PayPal,Processing,168
124,906,539,1,163.63,163.63,12/3/2024,Apt 1143,Credit Card,Shipped,137
125,396,659,3,445.95,1337.85,12/10/2024,11th Floor,PayPal,Delivered,116
126,494,386,3,431.38,1294.14,5/30/2025,Suite 18,PayPal,Shipped,83
127,902,439,1,15.67,15.67,11/17/2024,2nd Floor,PayPal,Processing,141
128,838,601,3,322.45,967.35,7/15/2025,Room 546,PayPal,Delivered,78
129,289,617,1,206.88,206.88,6/7/2025,Room 55,Credit Card,Delivered,163
130,361,848,2,422.25,844.5,6/19/2025,Room 1959,Credit Card,Delivered,200
131,422,156,3,393.41,1180.23,1/3/2025,Apt 591,Credit Card,Shipped,179
132,473,921,3,435.33,1305.99,4/28/2025,Suite 84,PayPal,Delivered,100
133,376,200,5,217.26,1086.3,3/8/2025,Suite 71,PayPal,Processing,193
134,973,407,2,394.45,788.9,5/6/2025,Suite 55,PayPal,Shipped,29
135,571,603,1,383.44,383.44,10/4/2024,12th Floor,PayPal,Processing,142
136,387,556,3,245.39,736.17,9/12/2025,Suite 58,Credit Card,Shipped,53
137,962,859,5,121.39,606.95,6/28/2025,Apt 763,PayPal,Delivered,182
138,426,434,2,97.48,194.96,11/6/2024,8th Floor,Credit Card,Shipped,85
139,959,169,4,27.54,110.16,10/10/2024,Room 1606,PayPal,Shipped,120
140,795,234,1,225.58,225.58,5/4/2025,Apt 729,PayPal,Processing,104
141,318,323,1,324.14,324.14,8/5/2025,Suite 94,Credit Card,Shipped,184
142,660,779,4,187.97,751.88,8/11/2025,8th Floor,Credit Card,Shipped,26
143,300,738,3,488.8,1466.4,5/7/2025,17th Floor,Credit Card,Processing,18
144,732,365,3,188.29,564.87,10/9/2024,Room 116,PayPal,Processing,43
145,370,750,4,245.67,982.68,6/19/2025,10th Floor,Credit Card,Processing,24
146,199,925,1,259.52,259.52,12/17/2024,PO Box 72660,PayPal,Shipped,62
147,364,846,1,282.53,282.53,9/26/2024,15th Floor,Credit Card,Shipped,55
148,482,446,5,19.2,96.0,8/22/2025,Suite 96,Credit Card,Delivered,11
149,861,420,2,92.32,184.64,3/18/2025,Suite 93,Credit Card,Shipped,195
150,36,880,5,224.39,1121.95,11/21/2024,Room 77,PayPal,Processing,68
151,980,204,3,481.46,1444.38,7/31/2025,PO Box 76123,PayPal,Delivered,196
152,239,731,2,59.3,118.6,8/13/2025,Room 1616,Credit Card,Delivered,37
153,206,745,1,175.22,175.22,6/4/2025,Room 1248,Credit Card,Delivered,40
154,369,656,2,413.03,826.06,5/18/2025,Room 1053,PayPal,Delivered,31
155,744,381,4,293.18,1172.72,3/13/2025,Room 1960,PayPal,Processing,167
156,85,691,2,258.44,516.88,8/9/2025,Apt 1431,PayPal,Delivered,156
157,706,791,3,17.3,51.9,8/15/2025,Room 1298,Credit Card,Delivered,174
158,975,377,5,468.95,2344.75,9/25/2024,4th Floor,Credit Card,Processing,37
159,946,392,5,212.02,1060.1,2/26/2025,PO Box 66617,PayPal,Processing,3
160,464,263,2,459.56,919.12,7/28/2025,PO Box 9397,Credit Card,Shipped,31
161,580,971,1,475.68,475.68,1/11/2025,13th Floor,Credit Card,Processing,86
162,379,371,5,170.01,850.05,5/15/2025,PO Box 12000,Credit Card,Shipped,113
163,804,607,3,303.3,909.9,4/8/2025,PO Box 54131,Credit Card,Processing,179
164,873,906,4,186.89,747.56,1/16/2025,15th Floor,PayPal,Processing,8
165,220,552,2,249.96,499.92,12/17/2024,Room 312,Credit Card,Delivered,29
166,43,129,3,383.64,1150.92,2/4/2025,PO Box 24716,PayPal,Delivered,30
167,585,779,5,281.88,1409.4,3/20/2025,PO Box 2258,PayPal,Shipped,176
168,571,920,5,242.66,1213.3,4/25/2025,8th Floor,PayPal,Delivered,34
169,423,924,2,199.66,399.32,8/19/2025,Apt 1097,PayPal,Delivered,35
170,983,973,2,215.19,430.38,10/10/2024,Apt 559,Credit Card,Delivered,175
171,217,548,3,393.91,1181.73,1/24/2025,18th Floor,PayPal,Shipped,51
172,167,484,5,80.15,400.75,10/9/2024,5th Floor,Credit Card,Shipped,172
173,784,233,3,227.1,681.3,7/3/2025,Room 1601,Credit Card,Processing,190
174,493,321,1,37.48,37.48,4/1/2025,PO Box 79258,Credit Card,Delivered,168
175,819,439,5,111.05,555.25,10/15/2024,Apt 227,Credit Card,Delivered,107
176,619,771,5,96.81,484.05,4/29/2025,Room 162,PayPal,Processing,22
177,565,755,4,391.03,1564.12,9/20/2025,Room 1120,PayPal,Processing,100
178,88,832,2,350.64,701.28,10/28/2024,Room 411,Credit Card,Shipped,119
179,72,160,1,339.6,339.6,12/25/2024,Room 710,Credit Card,Processing,80
180,807,588,4,379.82,1519.28,9/29/2024,PO Box 97899,Credit Card,Shipped,5
181,786,891,2,31.47,62.94,2/26/2025,Apt 1551,PayPal,Shipped,199
182,904,372,4,111.03,444.12,10/10/2024,Apt 1145,Credit Card,Delivered,181
183,756,220,1,414.04,414.04,5/27/2025,Room 632,PayPal,Shipped,7
184,81,873,1,105.39,105.39,9/26/2024,PO Box 1151,PayPal,Shipped,71
185,762,612,5,472.03,2360.15,5/18/2025,PO Box 34266,PayPal,Delivered,130
186,282,109,4,308.5,1234.0,5/19/2025,19th Floor,Credit Card,Shipped,62
187,408,723,3,287.69,863.07,10/9/2024,Apt 875,PayPal,Processing,94
188,740,424,4,452.68,1810.72,6/30/2025,Room 106,Credit Card,Delivered,42
189,172,622,2,159.14,318.28,9/3/2025,Apt 1222,PayPal,Processing,26
190,849,232,1,282.95,282.95,6/6/2025,Suite 70,Credit Card,Delivered,3
191,287,481,5,424.36,2121.8,1/18/2025,4th Floor,Credit Card,Shipped,111
192,128,268,4,305.84,1223.36,6/9/2025,Apt 947,Credit Card,Processing,42
193,718,444,2,173.14,346.28,12/16/2024,5th Floor,PayPal,Processing,163
194,211,515,5,277.13,1385.65,7/5/2025,4th Floor,Credit Card,Shipped,29
195,738,753,3,259.46,778.38,12/18/2024,12th Floor,Credit Card,Shipped,125
196,307,777,4,359.19,1436.76,10/21/2024,PO Box 69477,PayPal,Shipped,43
197,447,866,2,369.84,739.68,4/24/2025,Apt 299,Credit Card,Shipped,183
198,40,316,5,408.3,2041.5,1/14/2025,9th Floor,PayPal,Processing,142
199,800,737,4,289.59,1158.36,4/19/2025,Apt 818,Credit Card,Processing,155
200,324,670,1,240.25,240.25,2/11/2025,Room 1427,PayPal,Delivered,61
201,858,180,4,387.17,1548.68,7/27/2025,8th Floor,PayPal,Processing,15
202,49,381,5,399.53,1997.65,3/22/2025,7th Floor,Credit Card,Processing,124
203,183,209,1,486.16,486.16,5/7/2025,Suite 75,Credit Card,Processing,125
204,1,882,1,353.12,353.12,2/14/2025,Suite 67,Credit Card,Shipped,184
205,519,880,3,132.03,396.09,1/9/2025,PO Box 12276,Credit Card,Processing,103
206,254,998,1,139.6,139.6,10/13/2024,Room 1366,PayPal,Processing,162
207,162,894,4,83.02,332.08,4/6/2025,PO Box 85924,PayPal,Processing,73
208,380,835,2,367.43,734.86,7/8/2025,16th Floor,Credit Card,Delivered,179
209,906,740,1,213.2,213.2,10/14/2024,20th Floor,PayPal,Processing,174
210,412,598,4,173.87,695.48,3/28/2025,PO Box 73576,PayPal,Shipped,135
211,846,524,1,20.03,20.03,9/9/2025,PO Box 2321,Credit Card,Processing,188
212,553,263,3,445.28,1335.84,1/28/2025,Room 647,PayPal,Delivered,187
213,792,787,5,375.63,1878.15,10/11/2024,Suite 93,Credit Card,Delivered,60
214,727,134,3,15.02,45.06,9/19/2025,Apt 1828,Credit Card,Shipped,19
215,368,144,4,54.67,218.68,9/6/2025,Room 706,Credit Card,Shipped,105
216,311,347,4,133.95,535.8,2/4/2025,PO Box 48048,PayPal,Processing,27
217,709,763,1,367.47,367.47,11/28/2024,PO Box 56724,Credit Card,Processing,75
218,340,985,5,209.54,1047.7,12/3/2024,PO Box 43827,PayPal,Delivered,51
219,556,898,4,353.75,1415.0,11/12/2024,Room 1785,Credit Card,Delivered,156
220,549,644,1,496.22,496.22,12/25/2024,18th Floor,PayPal,Shipped,148
221,802,712,4,479.84,1919.36,9/9/2025,Apt 1967,Credit Card,Shipped,20
222,863,423,1,344.94,344.94,1/7/2025,Suite 42,PayPal,Shipped,112
223,262,530,4,155.88,623.52,12/22/2024,PO Box 34374,Credit Card,Delivered,29
224,515,836,3,226.42,679.26,6/25/2025,PO Box 73611,Credit Card,Delivered,113
225,529,315,3,349.52,1048.56,4/18/2025,Room 211,Credit Card,Processing,118
226,333,236,3,348.29,1044.87,5/9/2025,PO Box 36589,PayPal,Shipped,97
227,237,914,4,179.51,718.04,5/21/2025,Apt 466,PayPal,Delivered,75
228,680,945,4,41.95,167.8,11/17/2024,6th Floor,PayPal,Processing,30
229,671,422,2,43.99,87.98,10/30/2024,Apt 1465,Credit Card,Delivered,17
230,28,666,5,370.4,1852.0,7/14/2025,Suite 80,Credit Card,Processing,149
231,56,174,3,204.89,614.67,8/28/2025,Suite 65,PayPal,Delivered,163
232,931,832,2,29.19,58.38,4/2/2025,PO Box 74350,Credit Card,Delivered,179
233,130,446,1,38.67,38.67,12/20/2024,Apt 1815,PayPal,Delivered,79
234,490,716,4,151.17,604.68,3/11/2025,Suite 52,Credit Card,Shipped,3
235,296,726,5,56.17,280.85,12/24/2024,1st Floor,Credit Card,Delivered,54
236,34,778,5,465.14,2325.7,12/16/2024,Room 1685,PayPal,Shipped,139
237,336,699,5,264.14,1320.7,5/18/2025,Suite 90,PayPal,Processing,9
238,390,259,3,144.84,434.52,8/22/2025,Room 942,PayPal,Delivered,68
239,677,168,2,282.88,565.76,8/17/2025,Suite 20,Credit Card,Processing,82
240,492,205,2,355.53,711.06,10/14/2024,Suite 89,Credit Card,Shipped,101
241,758,342,2,277.43,554.86,5/23/2025,Apt 338,PayPal,Processing,39
242,334,746,3,101.32,303.96,3/28/2025,Suite 50,Credit Card,Processing,171
243,969,367,4,215.62,862.48,7/29/2025,4th Floor,PayPal,Delivered,72
244,369,800,3,454.23,1362.69,6/28/2025,Apt 1604,PayPal,Shipped,139
245,208,761,1,380.65,380.65,10/22/2024,Apt 1382,PayPal,Processing,69
246,259,596,2,428.46,856.92,2/10/2025,Suite 93,PayPal,Processing,171
247,819,173,3,219.66,658.98,11/25/2024,Room 934,PayPal,Shipped,115
248,685,869,1,169.69,169.69,5/9/2025,Room 708,PayPal,Processing,56
249,235,769,5,445.41,2227.05,12/5/2024,PO Box 33231,Credit Card,Processing,150
250,297,894,5,488.26,2441.3,11/17/2024,8th Floor,PayPal,Processing,89
251,436,844,3,271.02,813.06,7/19/2025,Apt 1223,PayPal,Shipped,22
252,763,524,5,330.16,1650.8,12/25/2024,16th Floor,Credit Card,Processing,113
253,323,476,4,133.27,533.08,9/19/2025,Suite 18,PayPal,Processing,10
254,86,985,2,456.82,913.64,11/19/2024,Room 742,Credit Card,Processing,149
255,651,378,5,369.87,1849.35,7/26/2025,Room 185,PayPal,Processing,70
256,43,468,3,34.05,102.15,3/21/2025,PO Box 11042,PayPal,Processing,46
257,451,436,2,284.47,568.94,4/22/2025,Suite 50,PayPal,Processing,120
258,882,437,5,99.67,498.35,8/28/2025,Room 348,Credit Card,Shipped,32
259,137,468,2,362.31,724.62,2/21/2025,Suite 100,PayPal,Delivered,174
260,562,549,5,418.5,2092.5,9/9/2025,PO Box 5916,PayPal,Processing,66
261,402,987,2,323.59,647.18,6/21/2025,PO Box 32726,Credit Card,Processing,1
262,653,788,2,111.66,223.32,6/7/2025,PO Box 14420,Credit Card,Delivered,97
263,235,549,2,92.53,185.06,6/13/2025,Room 1515,PayPal,Shipped,74
264,126,892,3,323.37,970.11,2/26/2025,Suite 12,Credit Card,Shipped,187
265,239,242,2,478.79,957.58,10/24/2024,Suite 18,PayPal,Delivered,47
266,26,636,5,93.49,467.45,12/3/2024,Suite 28,PayPal,Processing,53
267,731,849,1,326.23,326.23,10/12/2024,12th Floor,PayPal,Delivered,33
268,234,871,2,59.27,118.54,7/25/2025,3rd Floor,Credit Card,Delivered,26
269,608,941,2,461.7,923.4,1/11/2025,16th Floor,PayPal,Shipped,59
270,495,698,4,142.75,571.0,3/26/2025,Suite 1,Credit Card,Processing,67
271,62,979,4,375.56,1502.24,2/15/2025,PO Box 51998,Credit Card,Shipped,33
272,111,556,3,123.06,369.18,4/26/2025,Apt 1233,Credit Card,Shipped,174
273,363,312,4,141.01,564.04,3/20/2025,8th Floor,PayPal,Processing,183
274,906,721,3,29.16,87.48,4/8/2025,15th Floor,Credit Card,Processing,155
275,975,838,5,479.96,2399.8,7/13/2025,Suite 26,Credit Card,Shipped,131
276,459,472,5,406.27,2031.35,5/18/2025,Suite 15,PayPal,Shipped,108
277,315,313,2,462.7,925.4,10/13/2024,Room 212,Credit Card,Shipped,159
278,123,130,1,378.04,378.04,12/12/2024,Apt 1412,Credit Card,Delivered,185
279,289,364,1,107.89,107.89,12/7/2024,PO Box 86913,PayPal,Delivered,190
280,263,992,4,21.35,85.4,7/30/2025,PO Box 73010,PayPal,Delivered,98
281,684,952,3,141.48,424.44,10/2/2024,7th Floor,PayPal,Processing,44
282,258,406,3,257.36,772.08,6/9/2025,Apt 1028,Credit Card,Delivered,30
283,866,301,1,214.61,214.61,5/3/2025,7th Floor,Credit Card,Delivered,111
284,685,757,4,419.53,1678.12,12/1/2024,16th Floor,PayPal,Processing,179
285,979,663,2,86.18,172.36,11/9/2024,PO Box 76536,PayPal,Shipped,156
286,264,714,3,462.27,1386.81,7/24/2025,Suite 42,Credit Card,Shipped,175
287,565,585,2,158.92,317.84,8/27/2025,20th Floor,PayPal,Processing,109
288,564,231,3,109.43,328.29,3/29/2025,11th Floor,PayPal,Delivered,129
289,234,956,5,308.04,1540.2,5/15/2025,Room 1971,Credit Card,Delivered,55
290,321,964,2,454.34,908.68,1/9/2025,Room 1667,Credit Card,Delivered,7
291,315,872,4,446.68,1786.72,12/4/2024,Suite 36,Credit Card,Processing,150
292,980,938,4,301.26,1205.04,4/4/2025,PO Box 49708,Credit Card,Processing,46
293,550,469,4,33.82,135.28,12/2/2024,3rd Floor,PayPal,Delivered,79
294,497,250,3,182.2,546.6,9/2/2025,Apt 1919,PayPal,Shipped,173
295,552,794,5,129.93,649.65,9/16/2025,Room 505,Credit Card,Processing,113
296,238,365,2,368.62,737.24,9/13/2025,5th Floor,PayPal,Processing,123
297,371,334,1,57.44,57.44,9/6/2025,PO Box 71794,PayPal,Shipped,118
298,113,139,3,290.7,872.1,7/19/2025,Apt 1834,Credit Card,Shipped,11
299,714,650,3,25.73,77.19,3/8/2025,Suite 80,PayPal,Processing,83
300,640,534,3,18.37,55.11,12/28/2024,Apt 225,Credit Card,Shipped,32
301,951,318,4,232.67,930.68,2/27/2025,Room 637,PayPal,Processing,33
302,273,160,2,191.7,383.4,3/21/2025,Suite 97,Credit Card,Shipped,109
303,77,484,1,345.53,345.53,7/14/2025,Suite 18,PayPal,Shipped,179
304,571,598,1,33.05,33.05,9/6/2025,Room 1532,Credit Card,Shipped,32
305,755,137,1,499.53,499.53,4/21/2025,Room 518,Credit Card,Shipped,134
306,333,495,2,385.72,771.44,10/17/2024,Suite 85,PayPal,Shipped,141
307,955,437,4,169.58,678.32,8/9/2025,Suite 80,Credit Card,Shipped,130
308,226,700,4,252.55,1010.2,2/11/2025,Room 1484,Credit Card,Delivered,194
309,432,579,1,365.59,365.59,1/13/2025,Suite 39,PayPal,Processing,55
310,124,933,4,126.24,504.96,3/12/2025,Apt 1993,Credit Card,Processing,163
311,250,659,2,431.7,863.4,1/10/2025,2nd Floor,PayPal,Delivered,172
312,260,542,5,477.94,2389.7,5/9/2025,10th Floor,Credit Card,Processing,126
313,486,990,2,234.17,468.34,3/17/2025,20th Floor,Credit Card,Shipped,13
314,193,444,4,201.69,806.76,1/1/2025,Apt 22,PayPal,Delivered,200
315,114,988,4,474.62,1898.48,2/26/2025,Room 1547,Credit Card,Shipped,97
316,688,343,2,355.82,711.64,3/27/2025,Apt 722,Credit Card,Processing,22
317,272,699,3,235.18,705.54,5/2/2025,9th Floor,Credit Card,Processing,91
318,942,290,1,95.32,95.32,10/21/2024,Room 1352,PayPal,Shipped,45
319,738,450,1,208.26,208.26,6/30/2025,PO Box 22758,Credit Card,Processing,77
320,255,952,1,26.7,26.7,2/4/2025,17th Floor,Credit Card,Shipped,38
321,431,454,3,415.77,1247.31,8/28/2025,16th Floor,Credit Card,Processing,108
322,246,558,4,225.79,903.16,1/14/2025,PO Box 35221,Credit Card,Delivered,62
323,319,350,3,154.42,463.26,7/5/2025,Apt 786,Credit Card,Delivered,179
324,195,559,5,337.86,1689.3,1/28/2025,PO Box 19735,Credit Card,Delivered,51
325,585,550,1,493.24,493.24,5/21/2025,4th Floor,Credit Card,Shipped,109
326,246,550,1,137.71,137.71,6/26/2025,17th Floor,Credit Card,Processing,130
327,814,868,5,73.88,369.4,9/22/2025,Room 522,PayPal,Delivered,130
328,832,520,4,461.02,1844.08,6/30/2025,Room 832,PayPal,Delivered,155
329,740,126,1,58.02,58.02,9/22/2025,PO Box 49704,PayPal,Delivered,177
330,878,281,4,328.47,1313.88,5/28/2025,PO Box 94904,PayPal,Shipped,184
331,55,835,2,258.6,517.2,6/18/2025,Room 296,PayPal,Processing,97
332,15,641,3,49.98,149.94,1/22/2025,Suite 3,Credit Card,Processing,2
333,543,317,2,376.77,753.54,4/22/2025,Room 364,PayPal,Shipped,179
334,450,217,4,137.94,551.76,2/27/2025,Suite 64,PayPal,Shipped,29
335,526,261,5,119.73,598.65,7/1/2025,PO Box 10795,PayPal,Shipped,77
336,690,655,2,463.51,927.02,12/23/2024,Room 672,Credit Card,Shipped,143
337,23,494,5,290.31,1451.55,3/22/2025,15th Floor,Credit Card,Processing,15
338,380,656,4,322.92,1291.68,10/21/2024,PO Box 73440,Credit Card,Delivered,141
339,89,606,1,56.69,56.69,7/1/2025,Suite 49,Credit Card,Delivered,42
340,239,823,2,357.37,714.74,9/6/2025,Room 142,PayPal,Processing,51
341,390,366,4,161.75,647.0,8/30/2025,Apt 723,Credit Card,Processing,96
342,726,654,1,455.6,455.6,8/30/2025,Apt 1641,PayPal,Processing,190
343,197,555,3,50.68,152.04,3/14/2025,Apt 835,PayPal,Delivered,193
344,43,649,1,46.14,46.14,10/2/2024,PO Box 10142,Credit Card,Processing,135
345,533,993,2,118.73,237.46,10/14/2024,11th Floor,Credit Card,Delivered,127
346,782,611,3,465.58,1396.74,2/23/2025,Suite 39,PayPal,Processing,174
347,433,684,4,433.51,1734.04,10/28/2024,15th Floor,Credit Card,Shipped,143
348,667,497,4,210.86,843.44,9/15/2025,Apt 643,Credit Card,Shipped,199
349,957,887,2,494.83,989.66,7/12/2025,PO Box 34581,PayPal,Shipped,151
350,7,486,4,451.76,1807.04,5/17/2025,18th Floor,PayPal,Delivered,20
351,91,486,2,154.07,308.14,6/2/2025,Suite 96,Credit Card,Shipped,67
352,800,186,4,329.63,1318.52,5/5/2025,Suite 8,Credit Card,Shipped,53
353,623,208,2,265.75,531.5,7/16/2025,7th Floor,PayPal,Processing,103
354,501,285,3,379.68,1139.04,2/24/2025,4th Floor,Credit Card,Processing,187
355,526,731,1,130.06,130.06,3/14/2025,4th Floor,Credit Card,Delivered,16
356,129,830,1,64.85,64.85,3/12/2025,PO Box 35817,PayPal,Processing,185
357,408,758,4,70.22,280.88,9/26/2024,Room 1955,Credit Card,Processing,189
358,961,564,1,21.89,21.89,4/3/2025,Suite 6,PayPal,Shipped,112
359,16,690,5,227.5,1137.5,7/15/2025,PO Box 84957,Credit Card,Shipped,106
360,949,713,3,343.77,1031.31,9/16/2025,Apt 41,PayPal,Shipped,184
361,945,585,2,375.51,751.02,8/15/2025,Apt 66,PayPal,Delivered,181
362,646,136,1,191.48,191.48,10/31/2024,5th Floor,PayPal,Delivered,11
363,112,258,3,199.06,597.18,6/13/2025,PO Box 87077,Credit Card,Shipped,71
364,93,235,4,408.37,1633.48,1/19/2025,PO Box 59019,Credit Card,Processing,124
365,819,330,4,125.63,502.52,11/19/2024,Room 421,PayPal,Delivered,78
366,995,921,3,30.86,92.58,5/16/2025,Apt 1819,Credit Card,Delivered,74
367,493,719,5,347.48,1737.4,7/16/2025,Room 1428,PayPal,Processing,55
368,659,791,4,399.57,1598.28,5/22/2025,Room 1798,PayPal,Shipped,24
369,106,922,5,454.92,2274.6,4/16/2025,Room 1991,PayPal,Processing,126
370,690,136,2,373.05,746.1,7/22/2025,PO Box 73522,Credit Card,Delivered,131
371,307,166,2,429.79,859.58,6/29/2025,Apt 460,PayPal,Shipped,13
372,954,591,1,26.89,26.89,8/24/2025,PO Box 95624,Credit Card,Processing,138
373,776,345,4,438.63,1754.52,9/4/2025,Room 251,Credit Card,Delivered,12
374,334,621,2,34.38,68.76,6/11/2025,PO Box 71918,Credit Card,Processing,135
375,349,251,1,129.12,129.12,2/28/2025,Suite 54,PayPal,Processing,127
376,624,883,3,16.43,49.29,12/19/2024,PO Box 88626,PayPal,Shipped,131
377,549,633,4,221.8,887.2,12/29/2024,PO Box 85028,PayPal,Delivered,119
378,954,325,1,65.26,65.26,6/7/2025,Apt 229,PayPal,Processing,116
379,386,662,4,132.74,530.96,10/8/2024,Room 1332,Credit Card,Shipped,61
380,799,114,5,317.26,1586.3,8/18/2025,16th Floor,Credit Card,Delivered,71
381,427,988,4,374.22,1496.88,11/28/2024,15th Floor,PayPal,Processing,26
382,976,210,4,454.12,1816.48,8/22/2025,19th Floor,PayPal,Processing,3
383,436,962,2,318.63,637.26,6/19/2025,Apt 854,Credit Card,Processing,90
384,812,737,5,123.49,617.45,5/27/2025,Apt 300,Credit Card,Processing,4
385,164,674,1,207.61,207.61,2/5/2025,Room 1429,Credit Card,Delivered,191
386,934,398,5,395.71,1978.55,4/24/2025,Room 247,Credit Card,Processing,124
387,885,898,2,139.81,279.62,10/5/2024,Suite 39,PayPal,Processing,28
388,844,384,3,238.05,714.15,12/13/2024,Room 75,Credit Card,Delivered,15
389,542,904,1,371.83,371.83,12/2/2024,Apt 1826,PayPal,Processing,165
390,735,606,2,18.29,36.58,4/6/2025,7th Floor,PayPal,Shipped,7
391,870,957,1,470.91,470.91,6/6/2025,Room 391,Credit Card,Delivered,160
392,727,563,1,288.86,288.86,8/18/2025,PO Box 4020,Credit Card,Shipped,38
393,313,786,3,370.22,1110.66,8/3/2025,PO Box 49887,Credit Card,Shipped,89
394,973,508,3,334.95,1004.85,4/12/2025,Room 398,Credit Card,Shipped,156
395,747,686,4,54.15,216.6,7/17/2025,Room 157,PayPal,Shipped,187
396,610,887,4,423.08,1692.32,3/9/2025,Suite 81,Credit Card,Shipped,81
397,155,347,3,96.93,290.79,1/6/2025,Suite 33,Credit Card,Processing,21
398,792,684,5,392.51,1962.55,7/9/2025,6th Floor,PayPal,Delivered,9
399,736,749,5,159.55,797.75,11/29/2024,Suite 15,Credit Card,Processing,6
400,152,359,1,130.25,130.25,2/11/2025,Apt 828,PayPal,Processing,127
401,740,304,4,430.25,1721.0,2/8/2025,Apt 1361,Credit Card,Shipped,123
402,956,211,2,17.16,34.32,3/21/2025,PO Box 57965,PayPal,Processing,73
403,22,102,4,294.38,1177.52,11/22/2024,PO Box 14892,PayPal,Shipped,95
404,661,594,4,162.75,651.0,1/8/2025,PO Box 35418,Credit Card,Processing,120
405,120,286,2,425.67,851.34,10/30/2024,Suite 71,Credit Card,Delivered,127
406,279,574,5,327.85,1639.25,1/2/2025,17th Floor,Credit Card,Shipped,103
407,800,223,2,342.72,685.44,10/22/2024,17th Floor,PayPal,Processing,74
408,245,524,2,68.38,136.76,8/23/2025,Room 902,PayPal,Shipped,35
409,155,588,1,210.25,210.25,7/8/2025,Suite 56,PayPal,Delivered,38
410,853,165,1,264.54,264.54,6/22/2025,PO Box 86509,Credit Card,Processing,73
411,325,423,2,145.47,290.94,2/26/2025,Apt 844,PayPal,Delivered,131
412,439,876,3,404.06,1212.18,7/4/2025,Apt 720,Credit Card,Shipped,97
413,434,639,2,304.77,609.54,6/30/2025,Apt 1084,Credit Card,Processing,190
414,767,453,4,164.1,656.4,9/26/2024,PO Box 80416,PayPal,Shipped,176
415,200,348,2,335.71,671.42,9/2/2025,Suite 77,Credit Card,Processing,74
416,621,992,4,486.41,1945.64,8/27/2025,13th Floor,PayPal,Processing,84
417,846,488,1,270.44,270.44,1/30/2025,Room 188,PayPal,Processing,13
418,359,957,1,442.01,442.01,7/24/2025,PO Box 42939,Credit Card,Delivered,140
419,986,620,4,306.53,1226.12,7/3/2025,Room 5,Credit Card,Shipped,40
420,669,995,3,176.39,529.17,9/26/2024,Apt 388,Credit Card,Shipped,16
421,620,579,3,36.76,110.28,12/27/2024,Apt 305,PayPal,Processing,15
422,740,225,4,179.09,716.36,11/25/2024,PO Box 4167,Credit Card,Delivered,109
423,656,531,3,290.95,872.85,2/10/2025,PO Box 47841,PayPal,Delivered,72
424,308,654,5,25.81,129.05,9/22/2025,Room 1965,Credit Card,Delivered,19
425,789,828,5,23.25,116.25,6/19/2025,PO Box 44308,PayPal,Shipped,50
426,969,760,2,47.88,95.76,5/5/2025,PO Box 9527,Credit Card,Delivered,81
427,512,173,2,33.44,66.88,6/16/2025,Apt 365,PayPal,Processing,105
428,344,843,2,306.08,612.16,12/31/2024,PO Box 46519,Credit Card,Delivered,158
429,451,959,1,21.58,21.58,8/5/2025,Suite 50,Credit Card,Processing,5
430,277,435,2,211.26,422.52,7/19/2025,Suite 63,Credit Card,Processing,80
431,246,443,1,453.5,453.5,10/17/2024,13th Floor,Credit Card,Delivered,165
432,545,232,2,397.32,794.64,3/25/2025,15th Floor,Credit Card,Processing,164
433,958,880,4,306.94,1227.76,3/27/2025,Suite 50,PayPal,Processing,81
434,68,400,1,340.07,340.07,9/1/2025,20th Floor,PayPal,Processing,188
435,258,316,3,459.67,1379.01,8/1/2025,12th Floor,PayPal,Processing,151
436,628,633,4,189.22,756.88,11/24/2024,20th Floor,PayPal,Processing,65
437,909,971,4,35.8,143.2,3/13/2025,PO Box 59285,PayPal,Shipped,88
438,93,647,1,440.86,440.86,4/10/2025,Apt 792,PayPal,Delivered,28
439,525,265,5,372.71,1863.55,9/18/2025,PO Box 67030,Credit Card,Shipped,25
440,801,359,4,165.34,661.36,4/21/2025,PO Box 32044,PayPal,Shipped,3
441,220,391,1,61.67,61.67,4/26/2025,PO Box 36843,PayPal,Shipped,142
442,853,168,2,38.89,77.78,9/16/2025,Apt 1565,PayPal,Shipped,29
443,827,778,1,75.5,75.5,8/24/2025,Room 1884,Credit Card,Shipped,114
444,280,304,5,172.3,861.5,5/7/2025,Apt 1275,Credit Card,Processing,6
445,927,643,3,366.51,1099.53,8/20/2025,Apt 716,Credit Card,Delivered,130
446,816,462,3,347.51,1042.53,9/18/2025,13th Floor,Credit Card,Shipped,63
447,515,416,3,97.97,293.91,3/12/2025,Suite 66,Credit Card,Shipped,160
448,918,650,4,123.66,494.64,2/2/2025,Apt 1159,PayPal,Delivered,134
449,63,532,2,302.74,605.48,6/9/2025,8th Floor,PayPal,Delivered,69
450,987,764,5,266.55,1332.75,8/20/2025,10th Floor,Credit Card,Delivered,82
451,146,316,5,205.96,1029.8,5/28/2025,Suite 96,PayPal,Processing,103
452,503,711,1,221.56,221.56,2/16/2025,PO Box 85169,PayPal,Delivered,43
453,970,813,1,14.07,14.07,2/22/2025,Apt 592,PayPal,Delivered,109
454,11,846,5,221.85,1109.25,1/20/2025,Room 984,Credit Card,Processing,97
455,137,305,5,446.43,2232.15,11/9/2024,Apt 469,Credit Card,Delivered,171
456,739,922,1,157.05,157.05,2/20/2025,3rd Floor,PayPal,Delivered,12
457,577,793,4,95.89,383.56,8/28/2025,PO Box 26112,Credit Card,Delivered,134
458,594,562,1,424.44,424.44,5/5/2025,11th Floor,Credit Card,Delivered,177
459,950,216,2,456.64,913.28,4/20/2025,PO Box 3421,Credit Card,Delivered,39
460,224,449,4,281.56,1126.24,2/4/2025,Suite 55,Credit Card,Delivered,120
461,663,546,1,69.85,69.85,1/21/2025,18th Floor,PayPal,Processing,168
462,145,317,4,238.2,952.8,5/23/2025,5th Floor,Credit Card,Shipped,113
463,158,955,5,400.43,2002.15,1/4/2025,Room 826,PayPal,Shipped,116
464,583,512,3,328.09,984.27,3/17/2025,Room 1745,Credit Card,Shipped,47
465,829,195,2,251.65,503.3,11/18/2024,Apt 317,Credit Card,Shipped,116
466,288,703,1,465.41,465.41,12/12/2024,15th Floor,PayPal,Processing,140
467,449,300,5,205.7,1028.5,6/6/2025,Room 774,PayPal,Shipped,49
468,354,111,4,395.19,1580.76,8/19/2025,Apt 263,Credit Card,Processing,71
469,920,460,3,443.14,1329.42,1/26/2025,Suite 46,Credit Card,Delivered,82
470,695,749,1,373.59,373.59,3/5/2025,Room 226,Credit Card,Delivered,76
471,696,531,2,332.97,665.94,1/24/2025,2nd Floor,Credit Card,Shipped,198
472,308,227,4,429.53,1718.12,6/18/2025,Room 47,Credit Card,Processing,133
473,273,133,1,157.41,157.41,4/26/2025,Apt 376,PayPal,Delivered,197
474,105,132,2,394.1,788.2,8/30/2025,Suite 54,Credit Card,Processing,90
475,412,579,3,92.04,276.12,12/18/2024,PO Box 85115,PayPal,Shipped,169
476,915,754,1,26.97,26.97,3/26/2025,PO Box 93660,Credit Card,Delivered,190
477,920,655,4,202.61,810.44,7/30/2025,Apt 948,Credit Card,Shipped,24
478,362,145,1,267.36,267.36,1/22/2025,PO Box 7122,PayPal,Processing,188
479,412,804,1,216.28,216.28,4/11/2025,Apt 590,PayPal,Shipped,91
480,497,219,3,448.47,1345.41,6/10/2025,Apt 1544,Credit Card,Processing,151
481,817,180,4,357.91,1431.64,12/23/2024,Room 1104,PayPal,Delivered,1
482,198,135,3,146.27,438.81,8/18/2025,Room 1608,Credit Card,Processing,36
483,151,724,3,415.48,1246.44,8/8/2025,16th Floor,PayPal,Processing,83
484,47,146,5,137.18,685.9,5/29/2025,Room 610,PayPal,Processing,159
485,123,526,2,499.94,999.88,11/3/2024,Suite 90,Credit Card,Processing,88
486,382,345,4,421.33,1685.32,8/12/2025,Room 743,Credit Card,Shipped,56
487,101,624,1,123.14,123.14,3/5/2025,Apt 1396,Credit Card,Processing,176
488,893,453,4,253.15,1012.6,7/18/2025,Apt 877,Credit Card,Delivered,151
489,280,453,2,339.67,679.34,3/8/2025,Apt 1515,Credit Card,Processing,13
490,791,589,4,210.49,841.96,10/7/2024,Suite 63,Credit Card,Shipped,50
491,494,852,4,232.77,931.08,8/16/2025,Apt 715,PayPal,Shipped,9
492,738,610,1,380.22,380.22,8/29/2025,PO Box 10851,Credit Card,Processing,180
493,247,538,1,311.94,311.94,3/13/2025,Suite 64,Credit Card,Delivered,94
494,578,115,2,49.0,98.0,1/14/2025,Room 19,Credit Card,Delivered,72
495,670,501,1,401.72,401.72,10/23/2024,Room 925,Credit Card,Delivered,21
496,119,326,3,353.32,1059.96,7/19/2025,PO Box 64027,Credit Card,Shipped,200
497,273,566,5,126.47,632.35,1/11/2025,1st Floor,PayPal,Delivered,185
498,264,135,1,292.46,292.46,10/17/2024,Room 1311,Credit Card,Shipped,43
499,591,523,1,83.21,83.21,9/16/2025,PO Box 9161,Credit Card,Shipped,40
500,137,121,1,138.09,138.09,9/1/2025,Suite 48,Credit Card,Delivered,72
501,497,564,3,292.13,876.39,4/13/2025,1st Floor,Credit Card,Delivered,113
502,766,658,2,229.91,459.82,10/8/2024,17th Floor,PayPal,Processing,91
503,149,921,3,157.71,473.13,1/8/2025,Room 1054,PayPal,Processing,79
504,814,799,3,228.97,686.91,5/22/2025,Apt 282,PayPal,Delivered,75
505,342,816,1,96.77,96.77,12/28/2024,Apt 296,Credit Card,Processing,77
506,9,196,4,436.69,1746.76,5/6/2025,Apt 318,PayPal,Delivered,162
507,632,512,3,367.9,1103.7,3/10/2025,3rd Floor,Credit Card,Processing,188
508,328,484,4,462.61,1850.44,9/1/2025,PO Box 21708,Credit Card,Delivered,127
509,585,343,3,72.98,218.94,11/26/2024,PO Box 95080,PayPal,Processing,153
510,214,870,1,488.13,488.13,12/23/2024,PO Box 58918,Credit Card,Delivered,153
511,551,117,2,449.76,899.52,7/20/2025,11th Floor,PayPal,Shipped,50
512,728,865,3,435.95,1307.85,3/25/2025,Apt 1871,PayPal,Shipped,23
513,910,951,2,299.72,599.44,9/8/2025,Room 613,Credit Card,Delivered,98
514,68,726,3,384.8,1154.4,1/5/2025,Room 1046,Credit Card,Delivered,108
515,654,764,3,38.5,115.5,8/8/2025,Room 1525,Credit Card,Processing,148
516,761,642,5,58.96,294.8,9/16/2025,12th Floor,PayPal,Shipped,11
517,956,578,1,394.73,394.73,11/18/2024,19th Floor,Credit Card,Shipped,146
518,450,405,5,482.21,2411.05,8/23/2025,Apt 518,PayPal,Processing,140
519,31,400,1,152.13,152.13,9/4/2025,Apt 1557,PayPal,Shipped,151
520,608,768,4,156.11,624.44,5/23/2025,PO Box 89297,Credit Card,Processing,180
521,967,479,5,180.52,902.6,3/13/2025,Room 1515,Credit Card,Delivered,196
522,910,689,2,347.03,694.06,7/30/2025,Suite 38,PayPal,Processing,70
523,74,237,5,187.23,936.15,7/22/2025,PO Box 94638,PayPal,Shipped,142
524,425,565,3,63.91,191.73,10/31/2024,6th Floor,PayPal,Delivered,170
525,969,313,3,233.35,700.05,9/10/2025,11th Floor,Credit Card,Processing,182
526,685,676,4,295.54,1182.16,11/10/2024,Apt 1588,Credit Card,Processing,158
527,511,333,5,216.11,1080.55,1/19/2025,Apt 958,PayPal,Delivered,84
528,206,304,4,49.0,196.0,10/2/2024,Room 55,PayPal,Processing,79
529,47,688,2,472.78,945.56,11/13/2024,PO Box 33488,Credit Card,Delivered,137
530,352,484,1,202.18,202.18,2/21/2025,Suite 92,PayPal,Processing,88
531,876,336,2,140.37,280.74,5/22/2025,PO Box 96219,PayPal,Processing,145
532,208,429,5,482.16,2410.8,1/24/2025,PO Box 37083,Credit Card,Delivered,171
533,58,169,1,53.53,53.53,6/3/2025,Apt 700,PayPal,Delivered,180
534,169,669,4,256.39,1025.56,3/7/2025,PO Box 75017,PayPal,Shipped,13
535,795,504,3,436.9,1310.7,5/8/2025,PO Box 7903,Credit Card,Processing,114
536,892,112,3,139.9,419.7,9/6/2025,Room 719,Credit Card,Processing,5
537,364,402,4,49.35,197.4,4/22/2025,Room 1302,PayPal,Delivered,184
538,292,241,5,390.9,1954.5,4/27/2025,Suite 18,Credit Card,Shipped,26
539,820,397,1,160.07,160.07,12/24/2024,4th Floor,Credit Card,Delivered,43
540,145,554,2,256.22,512.44,3/6/2025,PO Box 35965,Credit Card,Shipped,179
541,947,871,3,261.1,783.3,8/5/2025,Suite 76,PayPal,Delivered,131
542,12,774,1,312.01,312.01,9/10/2025,Suite 16,Credit Card,Shipped,81
543,96,398,2,429.75,859.5,1/25/2025,Apt 1590,Credit Card,Delivered,187
544,677,988,1,80.15,80.15,4/3/2025,Apt 873,Credit Card,Shipped,58
545,436,446,5,314.82,1574.1,5/10/2025,PO Box 30076,Credit Card,Delivered,174
546,507,664,3,45.75,137.25,4/4/2025,7th Floor,PayPal,Processing,51
547,57,329,3,451.78,1355.34,12/7/2024,Suite 39,Credit Card,Delivered,142
548,125,785,3,209.81,629.43,4/4/2025,PO Box 81371,Credit Card,Delivered,144
549,184,415,3,417.19,1251.57,3/1/2025,Suite 74,Credit Card,Shipped,62
550,463,203,1,388.74,388.74,9/19/2025,13th Floor,PayPal,Processing,109
551,909,873,3,146.74,440.22,2/7/2025,Room 126,Credit Card,Processing,41
552,49,797,1,364.33,364.33,8/12/2025,Room 1647,Credit Card,Processing,135
553,227,315,1,48.17,48.17,6/25/2025,4th Floor,PayPal,Delivered,169
554,25,260,3,307.84,923.52,6/17/2025,Suite 42,Credit Card,Shipped,182
555,44,643,2,199.2,398.4,4/25/2025,Apt 108,PayPal,Delivered,42
556,408,971,4,101.48,405.92,6/11/2025,Apt 1714,Credit Card,Processing,173
557,836,364,1,206.35,206.35,4/27/2025,16th Floor,PayPal,Delivered,132
558,448,779,1,84.67,84.67,10/17/2024,Apt 1899,Credit Card,Delivered,2
559,686,951,1,27.64,27.64,7/31/2025,Room 992,Credit Card,Shipped,53
560,165,832,3,183.02,549.06,9/22/2025,PO Box 16736,PayPal,Delivered,171
561,775,378,1,418.98,418.98,4/10/2025,14th Floor,PayPal,Shipped,121
562,161,297,3,347.6,1042.8,5/19/2025,20th Floor,PayPal,Processing,134
563,672,214,5,149.21,746.05,12/23/2024,13th Floor,PayPal,Delivered,6
564,840,655,5,129.18,645.9,2/9/2025,PO Box 23093,Credit Card,Shipped,163
565,21,318,2,32.55,65.1,7/3/2025,6th Floor,Credit Card,Delivered,156
566,504,801,1,118.37,118.37,11/4/2024,Room 388,PayPal,Processing,49
567,759,218,1,268.32,268.32,3/26/2025,PO Box 89650,PayPal,Processing,136
568,920,102,3,41.2,123.6,10/3/2024,PO Box 96974,PayPal,Delivered,92
569,305,268,4,394.47,1577.88,11/2/2024,PO Box 86381,Credit Card,Processing,67
570,466,733,4,390.34,1561.36,10/11/2024,Apt 214,PayPal,Shipped,82
571,349,445,2,287.22,574.44,4/15/2025,Apt 1213,PayPal,Delivered,23
572,963,173,3,367.83,1103.49,3/24/2025,Suite 23,Credit Card,Shipped,100
573,116,272,1,427.76,427.76,3/9/2025,PO Box 2197,PayPal,Delivered,83
574,240,735,4,301.57,1206.28,2/21/2025,8th Floor,PayPal,Delivered,57
575,225,208,1,199.92,199.92,3/19/2025,Apt 1374,PayPal,Delivered,158
576,108,974,2,354.6,709.2,10/25/2024,Apt 491,PayPal,Shipped,141
577,679,977,2,286.34,572.68,12/25/2024,Room 1085,PayPal,Shipped,123
578,790,381,1,84.64,84.64,6/22/2025,2nd Floor,Credit Card,Delivered,121
579,117,405,3,309.08,927.24,2/1/2025,Room 1110,Credit Card,Shipped,124
580,85,754,5,462.37,2311.85,1/20/2025,Room 506,PayPal,Processing,81
581,750,153,2,372.5,745.0,7/27/2025,Suite 30,PayPal,Delivered,47
582,740,551,4,338.26,1353.04,11/21/2024,Suite 2,Credit Card,Delivered,83
583,863,428,4,340.13,1360.52,7/5/2025,Apt 835,PayPal,Processing,38
584,315,922,2,71.6,143.2,6/24/2025,PO Box 29719,PayPal,Delivered,100
585,932,357,5,119.09,595.45,11/19/2024,Suite 91,Credit Card,Processing,174
586,999,736,3,341.86,1025.58,7/15/2025,11th Floor,PayPal,Shipped,134
587,366,953,4,340.87,1363.48,4/5/2025,Apt 288,PayPal,Delivered,60
588,79,422,3,138.38,415.14,4/12/2025,Apt 514,Credit Card,Shipped,96
589,162,210,5,143.47,717.35,11/25/2024,Suite 22,Credit Card,Delivered,147
590,83,539,2,255.13,510.26,12/20/2024,PO Box 9811,PayPal,Processing,104
591,52,275,4,65.61,262.44,7/17/2025,5th Floor,Credit Card,Shipped,19
592,57,959,1,143.36,143.36,7/31/2025,Room 1676,Credit Card,Shipped,172
593,532,376,2,42.96,85.92,5/24/2025,Suite 46,PayPal,Processing,29
594,24,908,5,134.47,672.35,2/9/2025,Apt 98,PayPal,Processing,35
595,909,632,4,209.19,836.76,9/26/2024,Room 636,Credit Card,Processing,179
596,839,554,1,226.63,226.63,9/23/2024,PO Box 65892,PayPal,Processing,169
597,620,605,1,293.63,293.63,12/7/2024,8th Floor,PayPal,Delivered,159
598,847,280,3,231.58,694.74,4/13/2025,PO Box 20154,PayPal,Shipped,118
599,573,808,4,44.55,178.2,9/17/2025,Suite 34,PayPal,Processing,95
600,728,673,1,60.11,60.11,12/10/2024,Apt 1855,Credit Card,Shipped,148
601,824,869,1,119.01,119.01,10/30/2024,Suite 77,Credit Card,Shipped,91
602,638,183,1,414.66,414.66,3/13/2025,Apt 269,Credit Card,Shipped,166
603,153,491,1,487.71,487.71,11/29/2024,PO Box 77991,Credit Card,Delivered,24
604,934,556,5,62.41,312.05,5/24/2025,PO Box 77738,PayPal,Processing,37
605,893,128,5,392.41,1962.05,1/26/2025,Suite 10,PayPal,Processing,108
606,80,248,5,215.2,1076.0,2/24/2025,Suite 55,Credit Card,Processing,8
607,901,678,3,411.06,1233.18,4/29/2025,Suite 50,PayPal,Shipped,58
608,471,794,4,297.91,1191.64,11/8/2024,Room 364,Credit Card,Delivered,156
609,659,693,2,216.03,432.06,5/29/2025,Apt 750,Credit Card,Shipped,125
610,373,459,4,286.26,1145.04,12/29/2024,Room 234,PayPal,Delivered,111
611,246,630,4,449.91,1799.64,1/26/2025,11th Floor,Credit Card,Shipped,64
612,760,224,1,376.13,376.13,12/6/2024,Apt 1270,Credit Card,Processing,102
613,836,300,1,165.03,165.03,12/30/2024,Room 870,Credit Card,Processing,2
614,799,951,2,484.2,968.4,2/20/2025,PO Box 29727,Credit Card,Delivered,3
615,11,416,5,368.0,1840.0,4/2/2025,Suite 83,Credit Card,Shipped,119
616,842,981,1,72.07,72.07,1/1/2025,Apt 41,PayPal,Delivered,16
617,780,539,3,363.94,1091.82,3/6/2025,Room 1284,PayPal,Processing,149
618,179,755,3,256.28,768.84,7/7/2025,15th Floor,PayPal,Shipped,54
619,657,381,3,372.3,1116.9,3/16/2025,1st Floor,Credit Card,Processing,1
620,764,723,2,397.81,795.62,12/18/2024,9th Floor,PayPal,Shipped,138
621,858,986,1,147.83,147.83,5/17/2025,13th Floor,PayPal,Delivered,50
622,906,255,1,446.71,446.71,1/17/2025,Suite 47,Credit Card,Processing,155
623,380,283,1,182.0,182.0,1/23/2025,Suite 81,PayPal,Processing,186
624,197,515,1,261.26,261.26,6/9/2025,19th Floor,PayPal,Delivered,171
625,874,792,3,338.07,1014.21,3/5/2025,2nd Floor,PayPal,Shipped,188
626,757,860,3,306.91,920.73,11/6/2024,Apt 1181,PayPal,Delivered,35
627,147,962,5,264.11,1320.55,1/18/2025,19th Floor,PayPal,Processing,139
628,263,717,1,265.78,265.78,10/29/2024,PO Box 30894,Credit Card,Processing,137
629,829,286,1,153.67,153.67,1/5/2025,Suite 80,PayPal,Processing,137
630,844,240,1,33.37,33.37,5/2/2025,Room 383,PayPal,Shipped,123
631,247,250,4,171.32,685.28,4/20/2025,Apt 632,PayPal,Shipped,137
632,764,221,1,276.75,276.75,9/17/2025,PO Box 73102,PayPal,Processing,25
633,583,117,3,134.94,404.82,4/21/2025,PO Box 5183,Credit Card,Processing,11
634,43,726,5,41.03,205.15,3/21/2025,Apt 1285,PayPal,Delivered,55
635,930,143,5,372.13,1860.65,12/13/2024,Suite 90,PayPal,Processing,14
636,428,670,5,447.3,2236.5,11/4/2024,Room 505,PayPal,Delivered,31
637,943,720,5,354.99,1774.95,5/28/2025,3rd Floor,PayPal,Delivered,59
638,770,551,3,480.7,1442.1,11/17/2024,7th Floor,PayPal,Shipped,79
639,985,246,5,233.69,1168.45,12/1/2024,PO Box 24764,PayPal,Processing,92
640,421,712,2,436.87,873.74,2/24/2025,PO Box 81402,Credit Card,Processing,117
641,683,266,1,219.83,219.83,4/19/2025,PO Box 31050,PayPal,Processing,180
642,480,574,5,247.13,1235.65,6/11/2025,Suite 56,PayPal,Processing,184
643,999,518,2,14.28,28.56,4/4/2025,PO Box 26902,Credit Card,Processing,147
644,251,261,2,179.91,359.82,8/22/2025,PO Box 33849,Credit Card,Processing,43
645,664,239,4,28.58,114.32,11/10/2024,Room 518,PayPal,Processing,17
646,211,923,1,89.05,89.05,12/31/2024,Room 452,PayPal,Shipped,173
647,457,627,1,264.35,264.35,4/1/2025,PO Box 59255,PayPal,Processing,199
648,385,386,2,10.23,20.46,8/1/2025,1st Floor,PayPal,Shipped,76
649,87,958,4,330.12,1320.48,8/31/2025,Room 1004,Credit Card,Delivered,157
650,712,967,5,164.09,820.45,9/30/2024,PO Box 59574,PayPal,Shipped,134
651,697,153,2,98.09,196.18,5/23/2025,Suite 73,Credit Card,Delivered,61
652,563,616,2,420.84,841.68,2/19/2025,Room 225,Credit Card,Processing,125
653,38,866,5,185.32,926.6,12/30/2024,Suite 4,PayPal,Delivered,3
654,548,484,5,444.52,2222.6,7/1/2025,PO Box 60464,PayPal,Shipped,162
655,846,357,1,213.82,213.82,3/24/2025,PO Box 11177,PayPal,Delivered,156
656,738,960,3,52.27,156.81,5/22/2025,11th Floor,PayPal,Processing,200
657,11,981,4,121.7,486.8,4/26/2025,Apt 1263,Credit Card,Delivered,95
658,335,862,2,147.42,294.84,7/28/2025,Suite 44,PayPal,Shipped,64
659,219,542,5,158.41,792.05,2/2/2025,Room 464,PayPal,Processing,168
660,97,501,5,59.97,299.85,8/15/2025,9th Floor,Credit Card,Processing,100
661,651,797,5,460.93,2304.65,2/8/2025,Suite 70,PayPal,Delivered,100
662,757,908,4,277.15,1108.6,10/26/2024,Room 679,PayPal,Shipped,87
663,477,271,5,425.12,2125.6,2/21/2025,4th Floor,Credit Card,Delivered,96
664,901,358,2,444.63,889.26,4/3/2025,Room 1688,PayPal,Processing,16
665,575,153,1,402.57,402.57,5/28/2025,PO Box 54030,PayPal,Shipped,71
666,168,453,3,478.07,1434.21,8/3/2025,Suite 68,PayPal,Shipped,185
667,181,322,1,307.7,307.7,1/30/2025,Suite 86,PayPal,Processing,83
668,753,792,3,76.4,229.2,4/14/2025,9th Floor,Credit Card,Shipped,124
669,947,495,2,196.51,393.02,1/20/2025,PO Box 7230,PayPal,Delivered,28
670,606,108,1,248.52,248.52,7/25/2025,Room 1185,Credit Card,Delivered,184
671,986,173,3,329.71,989.13,9/29/2024,PO Box 17591,PayPal,Processing,21
672,528,814,5,146.67,733.35,9/25/2024,Suite 61,Credit Card,Delivered,185
673,854,481,3,146.87,440.61,7/6/2025,Room 57,PayPal,Delivered,157
674,521,771,3,58.44,175.32,12/21/2024,Suite 78,PayPal,Shipped,105
675,488,698,2,44.24,88.48,3/29/2025,17th Floor,PayPal,Shipped,135
676,138,924,5,480.65,2403.25,8/30/2025,Room 375,Credit Card,Delivered,92
677,994,180,2,351.25,702.5,1/27/2025,Room 612,Credit Card,Processing,110
678,745,729,1,95.55,95.55,3/22/2025,Apt 143,Credit Card,Processing,66
679,207,881,5,114.29,571.45,7/15/2025,Suite 29,Credit Card,Processing,143
680,332,157,4,119.99,479.96,1/17/2025,2nd Floor,PayPal,Shipped,63
681,503,885,3,340.0,1020.0,3/14/2025,Room 1234,PayPal,Processing,13
682,135,806,1,362.75,362.75,5/13/2025,Room 248,PayPal,Shipped,91
683,875,386,3,107.43,322.29,5/7/2025,PO Box 87722,PayPal,Processing,147
684,877,917,4,256.35,1025.4,5/7/2025,Suite 82,PayPal,Shipped,131
685,715,655,2,262.21,524.42,4/13/2025,19th Floor,PayPal,Delivered,71
686,807,385,1,120.08,120.08,11/21/2024,17th Floor,PayPal,Processing,54
687,105,888,3,152.88,458.64,9/15/2025,Room 835,Credit Card,Processing,124
688,487,746,1,248.45,248.45,6/29/2025,Suite 3,Credit Card,Processing,76
689,495,455,5,48.31,241.55,10/11/2024,Suite 60,Credit Card,Shipped,32
690,660,143,5,370.56,1852.8,6/17/2025,Suite 48,Credit Card,Shipped,122
691,192,639,5,265.41,1327.05,4/11/2025,Suite 21,PayPal,Shipped,100
692,759,155,3,482.91,1448.73,5/24/2025,PO Box 66975,Credit Card,Delivered,23
693,487,352,2,324.27,648.54,12/1/2024,Apt 914,Credit Card,Delivered,92
694,884,913,3,238.04,714.12,3/28/2025,Suite 65,Credit Card,Processing,38
695,811,945,2,233.75,467.5,10/26/2024,Suite 28,Credit Card,Shipped,120
696,713,495,2,234.15,468.3,8/27/2025,Room 1785,Credit Card,Processing,160
697,293,394,2,413.37,826.74,1/19/2025,Suite 8,Credit Card,Delivered,64
698,783,745,1,372.33,372.33,2/4/2025,Suite 97,PayPal,Delivered,79
699,139,124,3,213.65,640.95,9/22/2025,PO Box 96661,Credit Card,Processing,9
700,460,914,1,102.19,102.19,1/22/2025,Apt 273,Credit Card,Shipped,88
701,481,769,5,13.07,65.35,11/29/2024,PO Box 98278,Credit Card,Processing,134
702,935,995,2,23.26,46.52,5/31/2025,Suite 52,Credit Card,Delivered,97
703,334,360,4,183.15,732.6,1/13/2025,13th Floor,Credit Card,Delivered,113
704,422,878,1,150.85,150.85,3/15/2025,PO Box 39953,Credit Card,Delivered,106
705,688,337,1,300.85,300.85,4/30/2025,PO Box 14829,Credit Card,Delivered,189
706,408,214,3,489.81,1469.43,5/17/2025,Apt 1125,PayPal,Delivered,45
707,761,463,3,149.54,448.62,12/5/2024,Room 587,Credit Card,Processing,51
708,677,472,1,59.59,59.59,12/24/2024,5th Floor,Credit Card,Delivered,33
709,978,157,3,39.04,117.12,3/24/2025,Apt 67,PayPal,Processing,199
710,342,639,2,410.5,821.0,12/2/2024,Room 152,Credit Card,Shipped,142
711,765,426,3,49.94,149.82,8/9/2025,Room 1931,PayPal,Processing,33
712,143,999,3,419.53,1258.59,4/23/2025,Apt 359,Credit Card,Processing,1
713,123,926,4,317.34,1269.36,3/6/2025,11th Floor,Credit Card,Processing,72
714,734,269,5,85.81,429.05,2/14/2025,Room 591,PayPal,Delivered,165
715,578,130,3,420.95,1262.85,4/26/2025,1st Floor,Credit Card,Shipped,75
716,433,701,3,121.07,363.21,2/5/2025,6th Floor,Credit Card,Processing,70
717,766,751,2,85.1,170.2,5/7/2025,Apt 249,PayPal,Delivered,51
718,897,131,2,156.68,313.36,12/6/2024,Apt 627,PayPal,Delivered,183
719,744,436,3,33.75,101.25,6/7/2025,Suite 16,PayPal,Shipped,23
720,400,743,5,131.74,658.7,7/19/2025,PO Box 86320,Credit Card,Shipped,112
721,531,157,1,199.76,199.76,10/4/2024,Apt 1665,Credit Card,Delivered,21
722,81,793,2,58.23,116.46,1/21/2025,Room 138,Credit Card,Processing,155
723,628,441,4,183.03,732.12,8/1/2025,PO Box 64217,PayPal,Processing,169
724,24,438,3,56.87,170.61,3/6/2025,Apt 622,Credit Card,Processing,151
725,296,850,2,433.05,866.1,8/19/2025,Apt 399,Credit Card,Shipped,187
726,151,497,1,398.55,398.55,12/10/2024,Apt 1304,PayPal,Shipped,22
727,716,378,2,103.83,207.66,7/8/2025,Suite 64,PayPal,Shipped,148
728,124,384,1,496.07,496.07,2/15/2025,Suite 50,Credit Card,Shipped,133
729,563,609,5,22.82,114.1,9/20/2025,Apt 1092,PayPal,Processing,7
730,360,297,5,93.87,469.35,12/13/2024,Apt 20,Credit Card,Shipped,177
731,397,560,3,66.4,199.2,6/8/2025,Apt 795,PayPal,Shipped,184
732,580,617,4,277.53,1110.12,10/26/2024,Room 719,PayPal,Shipped,129
733,702,291,2,333.95,667.9,8/15/2025,Suite 20,PayPal,Processing,73
734,466,322,4,45.94,183.76,5/22/2025,Suite 47,Credit Card,Processing,188
735,153,462,2,194.69,389.38,3/23/2025,Room 987,Credit Card,Shipped,111
736,685,390,4,452.42,1809.68,1/14/2025,Apt 66,PayPal,Shipped,185
737,383,175,1,147.26,147.26,10/4/2024,PO Box 68811,Credit Card,Processing,31
738,162,981,2,383.96,767.92,9/1/2025,Room 808,PayPal,Shipped,157
739,829,941,5,263.07,1315.35,3/30/2025,PO Box 39607,Credit Card,Processing,146
740,886,726,2,400.8,801.6,8/12/2025,Apt 1485,Credit Card,Shipped,171
741,741,288,4,392.94,1571.76,7/22/2025,Suite 6,Credit Card,Processing,127
742,854,579,5,397.33,1986.65,9/16/2025,Apt 273,PayPal,Delivered,23
743,670,825,3,105.98,317.94,8/8/2025,Suite 14,Credit Card,Shipped,102
744,910,131,4,186.06,744.24,10/19/2024,PO Box 25017,PayPal,Shipped,73
745,646,112,5,125.0,625.0,1/7/2025,PO Box 24879,Credit Card,Shipped,23
746,520,699,3,282.24,846.72,6/12/2025,PO Box 89319,Credit Card,Delivered,33
747,102,617,2,287.74,575.48,4/3/2025,PO Box 57125,PayPal,Processing,55
748,949,637,4,170.42,681.68,4/7/2025,PO Box 74320,PayPal,Delivered,52
749,11,843,4,154.44,617.76,5/9/2025,10th Floor,PayPal,Delivered,15
750,866,408,1,206.47,206.47,7/15/2025,Apt 808,Credit Card,Processing,106
751,811,181,5,347.03,1735.15,7/16/2025,14th Floor,PayPal,Shipped,187
752,21,355,2,30.65,61.3,12/12/2024,Suite 90,Credit Card,Delivered,132
753,530,969,2,135.82,271.64,6/24/2025,Apt 1821,PayPal,Shipped,32
754,970,934,1,208.01,208.01,8/31/2025,PO Box 53613,PayPal,Processing,99
755,172,234,3,70.9,212.7,7/10/2025,Apt 932,Credit Card,Processing,152
756,887,646,2,310.32,620.64,1/26/2025,Room 1621,Credit Card,Shipped,196
757,637,456,5,257.36,1286.8,10/6/2024,PO Box 94642,PayPal,Shipped,39
758,480,445,3,175.26,525.78,7/14/2025,6th Floor,PayPal,Processing,20
759,456,278,3,19.49,58.47,3/1/2025,Apt 805,PayPal,Processing,140
760,78,365,3,268.76,806.28,1/23/2025,Apt 1592,Credit Card,Delivered,168
761,211,122,3,384.77,1154.31,11/13/2024,Apt 1927,Credit Card,Shipped,19
762,297,293,4,495.85,1983.4,5/10/2025,Room 860,PayPal,Delivered,150
763,228,417,3,392.6,1177.8,9/15/2025,8th Floor,Credit Card,Delivered,146
764,186,624,4,293.03,1172.12,9/17/2025,Suite 99,Credit Card,Shipped,123
765,440,298,5,282.17,1410.85,6/5/2025,PO Box 96406,Credit Card,Delivered,176
766,699,259,3,366.36,1099.08,2/13/2025,12th Floor,PayPal,Shipped,183
767,73,665,3,56.99,170.97,8/24/2025,PO Box 31651,PayPal,Shipped,155
768,675,372,1,149.47,149.47,7/28/2025,Apt 949,PayPal,Shipped,6
769,28,881,4,258.64,1034.56,6/11/2025,10th Floor,Credit Card,Processing,94
770,796,511,3,438.63,1315.89,7/23/2025,PO Box 14115,Credit Card,Delivered,18
771,717,399,5,121.01,605.05,9/11/2025,Suite 96,Credit Card,Shipped,197
772,745,921,3,445.98,1337.94,1/30/2025,Room 1079,Credit Card,Shipped,68
773,518,249,3,28.58,85.74,7/10/2025,PO Box 12561,PayPal,Shipped,186
774,596,198,1,399.78,399.78,12/26/2024,Suite 80,Credit Card,Processing,11
775,713,404,3,304.15,912.45,3/7/2025,PO Box 96402,Credit Card,Shipped,139
776,619,959,2,185.81,371.62,6/14/2025,12th Floor,PayPal,Processing,96
777,937,471,2,12.93,25.86,5/21/2025,Room 1458,PayPal,Shipped,22
778,752,320,5,389.99,1949.95,4/16/2025,Room 1821,PayPal,Processing,41
779,362,338,2,205.62,411.24,12/28/2024,Room 929,PayPal,Processing,73
780,54,768,1,491.38,491.38,4/5/2025,4th Floor,Credit Card,Delivered,177
781,397,117,5,399.24,1996.2,10/26/2024,Apt 1505,Credit Card,Processing,26
782,302,595,4,36.27,145.08,6/7/2025,Apt 1214,PayPal,Delivered,40
783,359,786,3,203.98,611.94,9/12/2025,Apt 665,PayPal,Processing,165
784,862,923,3,474.1,1422.3,3/15/2025,14th Floor,Credit Card,Processing,59
785,3,373,1,259.66,259.66,3/21/2025,Room 1219,Credit Card,Processing,54
786,801,325,1,62.58,62.58,2/5/2025,PO Box 49046,Credit Card,Delivered,61
787,236,917,5,404.24,2021.2,11/6/2024,Apt 645,PayPal,Shipped,53
788,369,717,2,324.21,648.42,1/29/2025,Apt 1010,Credit Card,Processing,169
789,157,190,2,290.09,580.18,7/15/2025,Apt 1832,Credit Card,Delivered,173
790,875,397,3,167.03,501.09,11/15/2024,Room 523,Credit Card,Shipped,140
791,628,329,3,493.0,1479.0,12/7/2024,Room 284,PayPal,Delivered,146
792,675,774,2,471.82,943.64,7/23/2025,Suite 26,PayPal,Processing,199
793,77,809,4,148.25,593.0,5/23/2025,Suite 53,Credit Card,Shipped,154
794,468,630,2,327.91,655.82,12/26/2024,Suite 30,Credit Card,Processing,115
795,321,206,2,202.3,404.6,10/25/2024,13th Floor,PayPal,Shipped,3
796,182,190,5,349.62,1748.1,5/5/2025,2nd Floor,PayPal,Processing,13
797,427,231,1,196.18,196.18,4/21/2025,Suite 5,PayPal,Delivered,79
798,518,764,2,496.52,993.04,6/16/2025,Room 1899,PayPal,Delivered,23
799,939,289,1,199.94,199.94,12/26/2024,PO Box 86267,PayPal,Processing,190
800,859,443,1,430.41,430.41,5/2/2025,Apt 1181,Credit Card,Processing,8
801,440,567,5,30.64,153.2,5/25/2025,Apt 1598,Credit Card,Processing,52
802,704,853,1,173.3,173.3,5/7/2025,20th Floor,Credit Card,Shipped,135
803,306,353,5,191.69,958.45,3/27/2025,PO Box 85861,Credit Card,Shipped,145
804,689,190,2,397.65,795.3,12/4/2024,Suite 11,Credit Card,Processing,134
805,346,679,3,22.71,68.13,11/4/2024,Apt 1082,Credit Card,Shipped,144
806,538,343,1,220.59,220.59,10/21/2024,Suite 73,Credit Card,Shipped,105
807,254,989,3,35.04,105.12,9/17/2025,Suite 54,PayPal,Shipped,71
808,725,665,1,466.6,466.6,2/11/2025,Apt 1546,PayPal,Processing,93
809,49,945,2,28.48,56.96,9/15/2025,Suite 49,PayPal,Shipped,105
810,870,214,1,439.1,439.1,3/3/2025,9th Floor,Credit Card,Shipped,142
811,575,801,1,49.44,49.44,2/26/2025,6th Floor,PayPal,Processing,197
812,424,808,4,215.05,860.2,6/25/2025,Room 758,Credit Card,Processing,52
813,279,622,1,370.0,370.0,11/15/2024,PO Box 89941,Credit Card,Shipped,33
814,443,907,2,132.85,265.7,11/5/2024,Room 1841,Credit Card,Processing,171
815,274,568,4,475.02,1900.08,3/1/2025,Apt 509,PayPal,Processing,161
816,59,712,3,252.56,757.68,2/8/2025,Suite 17,PayPal,Processing,167
817,620,440,2,333.77,667.54,9/6/2025,Suite 16,PayPal,Delivered,47
818,492,765,5,50.6,253.0,2/24/2025,Room 252,Credit Card,Shipped,127
819,175,387,5,208.4,1042.0,2/17/2025,Suite 94,Credit Card,Delivered,62
820,659,650,5,249.45,1247.25,12/18/2024,PO Box 17085,Credit Card,Shipped,181
821,129,581,2,19.67,39.34,2/17/2025,15th Floor,Credit Card,Processing,137
822,832,587,4,281.68,1126.72,7/9/2025,Room 1069,PayPal,Delivered,18
823,131,255,1,377.81,377.81,4/29/2025,Apt 957,PayPal,Processing,13
824,45,283,1,110.8,110.8,7/28/2025,Apt 1373,PayPal,Processing,114
825,806,178,1,426.14,426.14,4/4/2025,PO Box 26179,PayPal,Delivered,181
826,105,170,3,371.8,1115.4,10/20/2024,Apt 880,Credit Card,Shipped,24
827,221,788,3,224.03,672.09,10/12/2024,PO Box 86006,Credit Card,Delivered,186
828,882,938,2,239.75,479.5,5/31/2025,PO Box 18199,PayPal,Delivered,168
829,234,135,4,185.62,742.48,1/20/2025,Suite 26,Credit Card,Processing,96
830,357,305,3,72.19,216.57,8/22/2025,Suite 15,Credit Card,Shipped,140
831,879,600,4,304.09,1216.36,6/7/2025,Suite 15,PayPal,Processing,133
832,553,191,5,171.1,855.5,11/21/2024,Room 1517,PayPal,Shipped,55
833,86,515,5,423.32,2116.6,7/13/2025,Suite 53,Credit Card,Shipped,82
834,19,252,5,159.75,798.75,4/29/2025,Suite 23,Credit Card,Shipped,16
835,801,856,5,457.01,2285.05,2/13/2025,Apt 1276,Credit Card,Processing,157
836,365,505,2,17.84,35.68,12/9/2024,10th Floor,PayPal,Delivered,33
837,40,983,3,89.98,269.94,9/25/2024,Apt 414,Credit Card,Shipped,2
838,644,641,3,258.38,775.14,3/17/2025,12th Floor,PayPal,Delivered,140
839,825,980,5,186.37,931.85,11/10/2024,13th Floor,Credit Card,Shipped,114
840,120,398,2,394.77,789.54,2/19/2025,Apt 1916,PayPal,Delivered,189
841,348,568,2,272.59,545.18,7/22/2025,PO Box 9775,PayPal,Processing,15
842,631,790,2,281.71,563.42,2/19/2025,5th Floor,PayPal,Processing,35
843,875,327,2,346.95,693.9,8/1/2025,Apt 1062,Credit Card,Processing,63
844,435,397,1,345.94,345.94,8/25/2025,Suite 65,Credit Card,Processing,81
845,288,863,4,251.81,1007.24,3/21/2025,5th Floor,PayPal,Shipped,174
846,651,379,3,231.8,695.4,3/10/2025,Suite 83,PayPal,Processing,133
847,412,648,5,403.13,2015.65,4/19/2025,PO Box 50660,PayPal,Shipped,124
848,387,675,3,268.16,804.48,1/11/2025,Suite 59,PayPal,Shipped,176
849,310,215,4,45.95,183.8,5/24/2025,PO Box 96407,Credit Card,Shipped,18
850,11,514,1,353.99,353.99,11/10/2024,Room 1800,PayPal,Processing,114
851,889,757,5,75.21,376.05,1/1/2025,PO Box 48138,Credit Card,Shipped,71
852,553,563,2,53.96,107.92,1/4/2025,PO Box 70529,PayPal,Delivered,99
853,574,205,2,169.49,338.98,9/3/2025,Apt 1137,PayPal,Delivered,185
854,723,987,1,366.51,366.51,10/13/2024,Room 967,Credit Card,Delivered,148
855,805,170,3,194.89,584.67,8/14/2025,Room 460,PayPal,Shipped,123
856,40,184,1,436.42,436.42,9/21/2025,18th Floor,PayPal,Shipped,74
857,40,255,2,456.03,912.06,5/9/2025,Apt 644,PayPal,Processing,73
858,892,356,5,252.82,1264.1,2/16/2025,Suite 55,Credit Card,Processing,192
859,488,183,2,244.58,489.16,8/29/2025,Room 71,PayPal,Delivered,90
860,12,473,5,407.2,2036.0,3/29/2025,Apt 962,PayPal,Processing,143
861,852,319,2,31.59,63.18,9/17/2025,Apt 1381,Credit Card,Processing,97
862,733,491,3,335.24,1005.72,8/14/2025,PO Box 45291,Credit Card,Shipped,187
863,269,854,1,371.17,371.17,1/9/2025,4th Floor,Credit Card,Delivered,11
864,285,596,1,26.59,26.59,4/11/2025,PO Box 85288,Credit Card,Processing,119
865,543,890,2,370.93,741.86,5/20/2025,1st Floor,PayPal,Processing,83
866,841,942,2,499.32,998.64,3/22/2025,Room 1291,PayPal,Delivered,198
867,218,722,2,171.07,342.14,3/18/2025,Suite 93,PayPal,Processing,63
868,11,521,3,178.71,536.13,2/22/2025,6th Floor,Credit Card,Shipped,155
869,265,717,1,253.33,253.33,8/5/2025,14th Floor,PayPal,Shipped,117
870,603,957,2,467.79,935.58,3/18/2025,Apt 815,PayPal,Shipped,133
871,864,453,3,203.24,609.72,1/13/2025,Room 355,Credit Card,Delivered,102
872,296,251,1,152.71,152.71,6/12/2025,Room 1186,PayPal,Delivered,127
873,195,398,2,107.03,214.06,5/27/2025,2nd Floor,PayPal,Delivered,190
874,585,804,1,452.1,452.1,12/7/2024,Suite 91,PayPal,Delivered,183
875,375,699,3,229.09,687.27,4/13/2025,Suite 54,PayPal,Delivered,185
876,995,762,3,19.15,57.45,10/3/2024,13th Floor,PayPal,Processing,136
877,510,960,3,472.82,1418.46,5/4/2025,8th Floor,Credit Card,Processing,82
878,166,567,4,265.09,1060.36,10/27/2024,Apt 645,PayPal,Shipped,123
879,345,501,2,495.84,991.68,9/24/2024,Suite 44,PayPal,Shipped,145
880,342,557,2,320.08,640.16,12/23/2024,Apt 1908,Credit Card,Shipped,22
881,973,449,1,329.55,329.55,2/17/2025,Room 1391,Credit Card,Processing,7
882,961,831,4,453.55,1814.2,7/24/2025,PO Box 3242,PayPal,Delivered,25
883,333,984,5,282.24,1411.2,4/3/2025,9th Floor,Credit Card,Processing,2
884,108,725,5,238.82,1194.1,5/1/2025,Apt 116,Credit Card,Delivered,165
885,20,389,5,125.82,629.1,4/24/2025,5th Floor,Credit Card,Processing,32
886,405,286,1,333.9,333.9,6/12/2025,Suite 94,Credit Card,Shipped,104
887,554,959,4,22.75,91.0,1/28/2025,Apt 1009,Credit Card,Delivered,121
888,100,425,1,400.6,400.6,12/12/2024,Room 837,PayPal,Delivered,187
889,45,397,4,40.55,162.2,1/23/2025,PO Box 24695,PayPal,Delivered,186
890,167,328,4,475.52,1902.08,7/19/2025,Apt 1837,Credit Card,Delivered,74
891,387,517,3,489.01,1467.03,1/25/2025,Apt 1510,PayPal,Delivered,95
892,484,987,1,409.81,409.81,12/16/2024,PO Box 11721,PayPal,Processing,145
893,296,260,3,140.98,422.94,2/7/2025,4th Floor,Credit Card,Processing,38
894,760,131,4,297.93,1191.72,9/20/2025,Apt 607,Credit Card,Delivered,25
895,298,957,1,283.33,283.33,1/8/2025,Room 79,Credit Card,Delivered,142
896,394,851,3,299.97,899.91,11/29/2024,8th Floor,PayPal,Delivered,85
897,708,491,4,83.72,334.88,2/1/2025,Apt 1884,PayPal,Shipped,159
898,518,151,5,222.4,1112.0,12/31/2024,Suite 17,Credit Card,Shipped,154
899,669,644,2,381.94,763.88,3/17/2025,Apt 1330,Credit Card,Processing,49
900,893,703,4,376.0,1504.0,5/17/2025,16th Floor,Credit Card,Delivered,99
901,60,275,5,300.95,1504.75,11/24/2024,Room 1750,PayPal,Delivered,164
902,144,145,2,103.46,206.92,8/19/2025,1st Floor,Credit Card,Processing,150
903,283,548,2,173.58,347.16,7/17/2025,PO Box 70333,PayPal,Delivered,143
904,135,526,3,298.94,896.82,1/12/2025,Suite 73,PayPal,Delivered,169
905,336,204,2,129.9,259.8,9/23/2024,PO Box 68667,Credit Card,Delivered,33
906,159,949,5,381.81,1909.05,9/23/2024,PO Box 74662,PayPal,Processing,108
907,636,423,4,109.01,436.04,5/6/2025,11th Floor,Credit Card,Delivered,91
908,134,384,4,431.72,1726.88,2/8/2025,PO Box 30623,PayPal,Delivered,130
909,309,401,2,259.17,518.34,4/15/2025,Room 1241,Credit Card,Processing,57
910,599,665,3,156.08,468.24,11/30/2024,12th Floor,Credit Card,Processing,81
911,814,273,1,210.24,210.24,6/4/2025,PO Box 34052,PayPal,Shipped,38
912,648,918,2,160.99,321.98,7/19/2025,PO Box 58655,PayPal,Delivered,10
913,250,876,1,323.65,323.65,10/4/2024,Room 1854,PayPal,Shipped,3
914,331,340,4,287.55,1150.2,7/2/2025,5th Floor,Credit Card,Shipped,44
915,669,965,2,378.61,757.22,11/10/2024,PO Box 72789,PayPal,Delivered,35
916,689,423,2,469.92,939.84,11/4/2024,Apt 1545,Credit Card,Delivered,172
917,838,775,2,354.37,708.74,10/27/2024,PO Box 82407,Credit Card,Delivered,25
918,57,789,2,323.52,647.04,11/19/2024,Apt 1469,PayPal,Processing,154
919,755,363,2,199.27,398.54,10/25/2024,PO Box 89107,Credit Card,Processing,158
920,419,429,5,233.55,1167.75,9/1/2025,2nd Floor,PayPal,Shipped,8
921,463,711,1,29.63,29.63,7/17/2025,Room 1971,Credit Card,Processing,127
922,946,804,3,74.8,224.4,11/17/2024,Apt 7,PayPal,Shipped,115
923,390,610,1,131.48,131.48,12/11/2024,Suite 4,PayPal,Processing,101
924,805,667,1,433.89,433.89,1/23/2025,1st Floor,PayPal,Shipped,179
925,750,129,4,139.52,558.08,4/3/2025,6th Floor,Credit Card,Processing,3
926,907,760,1,466.2,466.2,8/7/2025,Apt 2,PayPal,Delivered,54
927,281,450,2,413.56,827.12,11/12/2024,20th Floor,PayPal,Processing,96
928,266,679,4,404.45,1617.8,3/9/2025,Apt 1126,PayPal,Processing,128
929,324,829,2,92.68,185.36,3/4/2025,Room 515,PayPal,Processing,5
930,467,861,2,142.26,284.52,2/6/2025,Suite 75,PayPal,Processing,165
931,724,684,1,477.73,477.73,12/14/2024,Apt 1583,Credit Card,Delivered,108
932,325,333,5,128.94,644.7,8/29/2025,Suite 23,PayPal,Delivered,76
933,971,300,3,389.79,1169.37,4/23/2025,Apt 471,PayPal,Delivered,171
934,438,509,3,102.69,308.07,10/2/2024,Suite 57,PayPal,Shipped,39
935,710,141,1,430.01,430.01,6/27/2025,Room 1941,Credit Card,Shipped,124
936,717,284,1,318.58,318.58,4/11/2025,Apt 848,Credit Card,Processing,38
937,165,690,2,132.32,264.64,7/1/2025,19th Floor,Credit Card,Delivered,106
938,509,158,2,390.2,780.4,12/28/2024,Room 276,Credit Card,Shipped,192
939,677,940,1,245.94,245.94,3/29/2025,Apt 957,PayPal,Processing,113
940,469,705,1,12.44,12.44,12/20/2024,Suite 93,PayPal,Processing,79
941,984,501,5,347.24,1736.2,10/13/2024,PO Box 32341,Credit Card,Shipped,86
942,834,295,2,102.76,205.52,2/21/2025,Room 1962,Credit Card,Delivered,184
943,363,391,1,79.54,79.54,1/30/2025,7th Floor,PayPal,Processing,139
944,403,511,4,338.51,1354.04,9/30/2024,Suite 53,Credit Card,Shipped,24
945,713,442,3,167.11,501.33,1/1/2025,6th Floor,PayPal,Processing,2
946,144,957,3,327.89,983.67,8/29/2025,Apt 650,Credit Card,Shipped,167
947,245,675,4,363.67,1454.68,4/26/2025,Room 1328,PayPal,Delivered,91
948,779,256,2,252.06,504.12,7/20/2025,Room 1902,PayPal,Shipped,170
949,447,880,4,276.07,1104.28,9/20/2025,Apt 1860,PayPal,Processing,92
950,290,371,3,135.9,407.7,8/5/2025,PO Box 95027,Credit Card,Delivered,91
951,706,359,5,454.16,2270.8,10/26/2024,Room 1278,Credit Card,Processing,51
952,809,884,4,327.76,1311.04,7/12/2025,PO Box 30209,Credit Card,Delivered,178
953,30,180,5,450.05,2250.25,5/25/2025,20th Floor,PayPal,Shipped,33
954,896,524,4,320.42,1281.68,1/12/2025,Apt 1909,Credit Card,Processing,31
955,819,697,3,348.72,1046.16,9/17/2025,Suite 13,Credit Card,Processing,8
956,237,766,3,33.32,99.96,4/17/2025,Suite 1,Credit Card,Shipped,88
957,472,984,4,401.62,1606.48,1/23/2025,Apt 218,PayPal,Processing,115
958,95,846,5,411.22,2056.1,5/8/2025,5th Floor,Credit Card,Shipped,45
959,484,357,5,288.51,1442.55,11/29/2024,5th Floor,PayPal,Delivered,44
960,939,855,1,27.46,27.46,1/10/2025,Apt 414,Credit Card,Shipped,178
961,996,324,3,435.77,1307.31,12/17/2024,9th Floor,PayPal,Delivered,18
962,937,662,5,342.23,1711.15,11/7/2024,Room 1355,Credit Card,Delivered,132
963,31,431,2,160.64,321.28,4/20/2025,Room 138,Credit Card,Delivered,162
964,868,970,2,498.53,997.06,10/29/2024,Apt 926,Credit Card,Processing,84
965,894,269,3,19.67,59.01,12/8/2024,Suite 32,PayPal,Processing,119
966,504,469,2,69.83,139.66,7/10/2025,8th Floor,PayPal,Shipped,144
967,85,411,4,152.17,608.68,5/27/2025,Apt 170,Credit Card,Delivered,169
968,334,957,1,304.51,304.51,1/11/2025,PO Box 27440,Credit Card,Shipped,187
969,178,414,5,446.02,2230.1,5/27/2025,PO Box 77538,Credit Card,Processing,16
970,776,964,1,160.7,160.7,5/7/2025,PO Box 36399,Credit Card,Delivered,151
971,950,416,4,303.67,1214.68,8/3/2025,PO Box 16718,Credit Card,Processing,25
972,778,582,2,136.49,272.98,12/8/2024,Apt 390,Credit Card,Delivered,120
973,639,386,1,57.04,57.04,4/13/2025,Apt 685,Credit Card,Shipped,198
974,222,822,2,333.77,667.54,6/11/2025,Suite 91,PayPal,Shipped,53
975,560,684,1,100.24,100.24,11/22/2024,Apt 34,Credit Card,Shipped,91
976,689,373,4,400.9,1603.6,10/8/2024,Room 1700,PayPal,Delivered,8
977,189,232,2,357.67,715.34,6/27/2025,Suite 32,Credit Card,Shipped,58
978,464,160,2,16.26,32.52,3/31/2025,Suite 61,PayPal,Shipped,44
979,652,304,2,196.57,393.14,1/20/2025,Room 93,Credit Card,Processing,14
980,21,636,1,129.39,129.39,7/7/2025,Suite 14,Credit Card,Delivered,194
981,549,791,2,18.79,37.58,11/20/2024,Apt 1348,Credit Card,Delivered,45
982,716,218,5,28.21,141.05,2/17/2025,9th Floor,PayPal,Processing,40
983,985,713,4,199.42,797.68,7/31/2025,PO Box 243,Credit Card,Shipped,92
984,959,249,1,122.88,122.88,4/26/2025,PO Box 77944,Credit Card,Processing,192
985,820,191,5,249.0,1245.0,3/20/2025,Suite 7,Credit Card,Shipped,137
986,267,882,4,206.62,826.48,9/3/2025,Apt 1682,PayPal,Delivered,68
987,824,141,2,176.14,352.28,9/10/2025,PO Box 92997,PayPal,Processing,86
988,878,132,2,51.36,102.72,11/6/2024,Suite 48,Credit Card,Processing,33
989,81,318,2,352.14,704.28,4/20/2025,Suite 38,Credit Card,Delivered,169
990,953,948,2,260.38,520.76,9/6/2025,PO Box 3527,PayPal,Shipped,82
991,819,797,3,138.61,415.83,12/24/2024,Suite 69,Credit Card,Processing,103
992,1000,338,1,178.73,178.73,4/15/2025,18th Floor,Credit Card,Shipped,122
993,389,194,1,380.79,380.79,10/2/2024,Room 1617,Credit Card,Processing,93
994,799,781,1,62.8,62.8,8/9/2025,PO Box 42715,Credit Card,Shipped,26
995,851,677,3,85.11,255.33,3/29/2025,Room 1090,Credit Card,Delivered,93
996,8,103,1,456.75,456.75,1/8/2025,PO Box 54909,Credit Card,Delivered,28
997,167,571,5,238.58,1192.9,4/5/2025,PO Box 16298,PayPal,Shipped,156
998,361,582,5,483.59,2417.95,12/18/2024,12th Floor,Credit Card,Processing,37
999,984,551,1,70.4,70.4,11/24/2024,Apt 513,Credit Card,Processing,162
1000,660,274,4,348.64,1394.56,8/27/2025,Room 605,Credit Card,Delivered,22
